rank,iso,name,year_used,ppp_used,reliability,BSLI,F_ML,H,D,Hs,gini,F_ML_raw,H_raw,D_pct,Hs_palma
1,NOR,Norway,2019,2017,fallback_10yr,0.9254,1.0,0.9384,0.0028,0.0348,0.2774,55.4766,65.2998,0.2521,0.9751
2,LUX,Luxembourg,2019,2017,fallback_10yr,0.8993,0.9901,1.0,0.0013,0.0954,0.3424,54.9396,69.4836,0.1205,1.3573
3,ARE,United Arab Emirates,2013,2017,fallback_10yr,0.8472,0.8798,0.9362,0.0,0.0664,0.3251,48.9372,65.144,,1.174
4,CHE,Switzerland,2018,2017,fallback_10yr,0.8422,0.9337,0.9244,0.0004,0.0855,0.3314,51.8679,64.3456,0.0396,1.2948
5,ISL,Iceland,2017,2017,fallback_10yr,0.802,0.8575,0.8093,0.0002,0.0264,0.2613,47.7247,56.5217,0.0179,0.922
6,AUT,Austria,2019,2017,fallback_10yr,0.7738,0.8507,0.8258,0.0079,0.0541,0.3021,47.3522,57.6429,0.7126,1.0965
7,DNK,Denmark,2019,2017,fallback_10yr,0.7538,0.8313,0.7734,0.0037,0.0391,0.2772,46.2949,54.0801,0.3359,1.0022
8,NLD,Netherlands,2019,2017,fallback_10yr,0.7441,0.8218,0.7783,0.0013,0.0503,0.2925,45.7817,54.417,0.1166,1.0725
9,BEL,Belgium,2019,2017,fallback_10yr,0.7387,0.8029,0.752,0.0014,0.0323,0.2722,44.7493,52.6285,0.1292,0.9593
10,DEU,Germany,2018,2017,fallback_10yr,0.7202,0.809,0.7843,0.0028,0.0712,0.317,45.0853,54.8246,0.2497,1.2045
11,FIN,Finland,2019,2017,fallback_10yr,0.7117,0.7784,0.7319,0.0011,0.0377,0.2774,43.4191,51.2622,0.1,0.9931
12,CAN,Canada,2017,2017,fallback_10yr,0.7012,0.7922,0.7931,0.0055,0.086,0.3331,44.1694,55.4222,0.4974,1.298
13,USA,United States,2019,2017,fallback_10yr,0.6998,0.8784,0.9347,0.0139,0.1985,0.4154,48.8597,65.0428,1.2494,2.0078
14,SWE,Sweden,2019,2017,fallback_10yr,0.6877,0.761,0.7217,0.0048,0.0449,0.2931,42.4689,50.5687,0.4342,1.0387
15,AUS,Australia,2018,2017,fallback_10yr,0.6538,0.761,0.7582,0.0082,0.0973,0.3433,42.4698,53.0505,0.7382,1.3694
16,FRA,France,2018,2017,fallback_10yr,0.6361,0.7372,0.7073,0.0008,0.0824,0.3238,41.1732,49.5898,0.0723,1.2749
17,MLT,Malta,2019,2017,fallback_10yr,0.5923,0.6819,0.6502,0.0049,0.0657,0.3104,38.1673,45.7108,0.444,1.17
18,IRL,Ireland,2018,2017,fallback_10yr,0.5862,0.671,0.6358,0.0011,0.0626,0.306,37.5748,44.7276,0.0987,1.15
19,SVN,Slovenia,2019,2017,fallback_10yr,0.5624,0.6003,0.5589,0.0002,0.0129,0.2438,33.7247,39.5008,0.0156,0.8364
20,CYP,Cyprus,2019,2017,fallback_10yr,0.5501,0.6352,0.6133,0.0025,0.0695,0.3122,35.6276,43.2033,0.2226,1.1936
21,GBR,United Kingdom,2017,2017,fallback_10yr,0.5249,0.6334,0.6398,0.0054,0.1069,0.3515,35.5299,45.0,0.4854,1.4295
22,JPN,Japan,2013,2017,fallback_10yr,0.502,0.6083,0.5882,0.0105,0.0837,0.3285,34.1617,41.4921,0.9434,1.2832
23,CZE,Czechia,2019,2017,fallback_10yr,0.4856,0.532,0.4862,0.0,0.0189,0.2526,30.0091,34.5649,,0.8742
24,TWN,Taiwan,2016,2017,fallback_10yr,0.4757,0.5588,0.5408,0.0027,0.0696,0.3148,31.4653,38.2713,0.2477,1.1944
25,KOR,South Korea,2016,2017,fallback_10yr,0.4627,0.5386,0.5312,0.0055,0.066,0.314,30.3674,37.6204,0.4964,1.1714
26,ESP,Spain,2019,2017,fallback_10yr,0.4612,0.5631,0.5705,0.0128,0.0935,0.3431,31.6992,40.2914,1.1499,1.345
27,ITA,Italy,2018,2017,fallback_10yr,0.4452,0.5706,0.5761,0.0233,0.1054,0.3522,32.1085,40.6749,2.1032,1.4202
28,EST,Estonia,2019,2017,fallback_10yr,0.4257,0.5003,0.4874,0.0099,0.057,0.3077,28.2819,34.645,0.8889,1.115
29,SVK,Slovakia,2019,2017,fallback_10yr,0.3478,0.3709,0.342,0.0058,0.0,0.2323,21.2411,24.7624,0.5207,0.7552
30,PRT,Portugal,2019,2017,fallback_10yr,0.3308,0.4249,0.4106,0.0028,0.0827,0.3276,24.1828,29.4276,0.2498,1.2769
31,HRV,Croatia,2019,2017,fallback_10yr,0.3177,0.375,0.362,0.0068,0.0427,0.2891,21.4652,26.1209,0.6121,1.0249
32,LTU,Lithuania,2019,2017,fallback_10yr,0.3172,0.4395,0.4296,0.0076,0.1088,0.3525,24.9734,30.7126,0.6886,1.442
33,ISR,Israel,2018,2017,fallback_10yr,0.2964,0.4407,0.4727,0.011,0.1525,0.3858,25.0424,33.6455,0.9935,1.7175
34,HUN,Hungary,2019,2017,fallback_10yr,0.2845,0.355,0.342,0.0098,0.0529,0.2995,20.3759,24.7641,0.8823,1.0889
35,LVA,Latvia,2019,2017,fallback_10yr,0.2679,0.379,0.374,0.009,0.0991,0.3449,21.6863,26.9371,0.8073,1.3808
36,GRC,Greece,2019,2017,fallback_10yr,0.2425,0.3383,0.3398,0.0141,0.0826,0.331,19.4694,24.613,1.268,1.2763
37,BLR,Belarus,2020,2017,fallback_10yr,0.2263,0.2521,0.2313,0.0007,0.0126,0.2438,14.7795,17.2381,0.0659,0.8349
38,SYC,Seychelles,2018,2017,fallback_10yr,0.1781,0.2635,0.2646,0.0129,0.0732,0.3213,15.3963,19.5021,1.1611,1.2168
39,POL,Poland,2019,2017,fallback_10yr,0.1755,0.2423,0.2313,0.0008,0.0594,0.3024,14.2425,17.2411,0.0686,1.1297
40,MDV,Maldives,2019,2017,fallback_10yr,0.1677,0.2223,0.2106,0.0,0.0476,0.2929,13.1592,15.8306,,1.0558
41,UKR,Ukraine,2020,2017,fallback_10yr,0.1453,0.1792,0.1631,0.002,0.0222,0.2563,10.8125,12.5992,0.1835,0.895
42,RUS,Russia,2020,2017,fallback_10yr,0.1113,0.2397,0.2338,0.0032,0.1217,0.3603,14.1008,17.4071,0.287,1.5233
43,MDA,Moldova,2019,2017,fallback_10yr,0.1088,0.1466,0.1324,0.0042,0.0251,0.2602,9.0375,10.5156,0.3768,0.9137
44,ALB,Albania,2019,2017,fallback_10yr,0.1044,0.1771,0.1701,0.0088,0.0597,0.3077,10.695,13.0774,0.7979,1.132
45,ROU,Romania,2019,2017,fallback_10yr,0.1014,0.2461,0.2576,0.0524,0.0992,0.348,14.4544,19.0276,4.7257,1.3812
46,MYS,Malaysia,2015,2017,fallback_10yr,0.0948,0.2831,0.2958,0.0043,0.1916,0.4107,16.4646,21.625,0.3913,1.9643
47,KAZ,Kazakhstan,2018,2017,fallback_10yr,0.0913,0.1437,0.131,0.0053,0.0395,0.2779,8.8789,10.4177,0.4762,1.0042
48,URY,Uruguay,2020,2017,fallback_10yr,0.0848,0.2622,0.2775,0.0098,0.1768,0.4015,15.3284,20.3757,0.8792,1.871
49,BGR,Bulgaria,2019,2017,fallback_10yr,0.0754,0.284,0.2846,0.0311,0.1779,0.4027,16.516,20.8623,2.8086,1.8775
50,SRB,Serbia,2019,2017,fallback_10yr,0.0586,0.2032,0.202,0.0448,0.0991,0.3454,12.1154,15.2458,4.0404,1.3808
51,THA,Thailand,2020,2017,fallback_10yr,0.055,0.1691,0.1673,0.0075,0.1055,0.3499,10.2592,12.8892,0.6731,1.4208
52,TUN,Tunisia,2015,2017,fallback_10yr,0.0407,0.1493,0.145,0.0245,0.0815,0.3282,9.1827,11.3756,2.211,1.2695
53,PSE,Palestine,2016,2017,fallback_10yr,0.0231,0.1459,0.1457,0.0342,0.0885,0.3369,8.9974,11.421,3.0862,1.3136
54,MUS,Mauritius,2017,2017,fallback_10yr,0.0155,0.1706,0.165,0.0198,0.1319,0.3676,10.3438,12.7312,1.7868,1.5878
55,XKX,Kosovo,2017,2017,fallback_10yr,0.0036,0.107,0.097,0.0461,0.0513,0.2901,6.8827,8.1088,4.1583,1.0791
56,MKD,North Macedonia,2018,2017,fallback_10yr,0.0019,0.1542,0.1601,0.0789,0.0769,0.3296,9.4504,12.4012,7.1149,1.2404
57,MNE,Montenegro,2018,2017,fallback_10yr,-0.0063,0.1824,0.1928,0.0702,0.1247,0.3681,10.9857,14.6183,6.33,1.542
58,TUR,Turkey,2019,2017,fallback_10yr,-0.015,0.2087,0.2158,0.0245,0.2035,0.4191,12.4151,16.1848,2.2123,2.0395
59,ARM,Armenia,2020,2017,fallback_10yr,-0.0163,0.0845,0.0751,0.0761,0.0191,0.2517,5.6586,6.6248,6.8647,0.876
60,VNM,Vietnam,2018,2017,fallback_10yr,-0.0346,0.1407,0.1384,0.0591,0.1148,0.3572,8.7139,10.922,5.3255,1.4795
61,CHN,China,2019,2017,fallback_10yr,-0.0464,0.1343,0.1354,0.0334,0.148,0.3817,8.3661,10.72,3.0116,1.689
62,CHL,Chile,2020,2017,fallback_10yr,-0.051,0.2248,0.228,0.0187,0.259,0.4492,13.2953,17.0127,1.6837,2.3892
63,MNG,Mongolia,2018,2017,fallback_10yr,-0.0596,0.1007,0.0969,0.0763,0.0817,0.3274,6.5411,8.1001,6.8761,1.2709
64,MHL,Marshall Islands,2019,2017,fallback_10yr,-0.0646,0.1156,0.1132,0.0678,0.111,0.3548,7.3513,9.2094,6.1115,1.4557
65,DOM,Dominican Republic,2020,2017,fallback_10yr,-0.0908,0.1347,0.1341,0.0592,0.1659,0.3964,8.3897,10.6314,5.3403,1.8021
66,SLV,El Salvador,2019,2017,fallback_10yr,-0.106,0.1225,0.1231,0.0731,0.1558,0.3878,7.724,9.8868,6.5913,1.7384
67,GAB,Gabon,2017,2017,fallback_10yr,-0.1118,0.117,0.12,0.0902,0.1404,0.3802,7.4249,9.6732,8.1324,1.6412
68,FJI,Fiji,2019,2017,fallback_10yr,-0.12,0.0812,0.0754,0.137,0.0607,0.3071,5.4802,6.6434,12.3558,1.1382
69,BOL,Bolivia,2020,2017,fallback_10yr,-0.1227,0.1774,0.1839,0.0687,0.2353,0.4362,10.7136,14.0188,6.1982,2.2398
70,IRN,Iran,2019,2017,fallback_10yr,-0.1301,0.1272,0.1294,0.069,0.1896,0.4094,7.982,10.3095,6.2193,1.9515
71,TON,Tonga,2015,2017,fallback_10yr,-0.1347,0.1047,0.0999,0.0974,0.1391,0.3759,6.7592,8.3063,8.7822,1.6328
72,PRY,Paraguay,2020,2017,fallback_10yr,-0.1377,0.1499,0.1589,0.0573,0.2357,0.4348,9.2153,12.3149,5.1674,2.2425
73,BTN,Bhutan,2017,2017,fallback_10yr,-0.1396,0.098,0.0991,0.1045,0.1338,0.3744,6.393,8.2556,9.4202,1.5994
74,PAN,Panama,2019,2017,fallback_10yr,-0.15,0.2673,0.2992,0.0414,0.395,0.4984,15.6073,21.8541,3.7361,3.2475
75,WSM,Samoa,2013,2017,fallback_10yr,-0.1833,0.0928,0.0892,0.1165,0.1574,0.3873,6.1109,7.577,10.5075,1.7483
76,MAR,Morocco,2013,2017,fallback_10yr,-0.1859,0.0939,0.0911,0.1082,0.1699,0.3955,6.1718,7.7121,9.7591,1.8272
77,KIR,Kiribati,2019,2017,fallback_10yr,-0.1944,0.0634,0.0562,0.2154,0.0381,0.2783,4.511,5.3402,19.4214,0.9953
78,KGZ,Kyrgyzstan,2020,2017,fallback_10yr,-0.197,0.0639,0.0576,0.2075,0.0496,0.2899,4.5343,5.4331,18.7142,1.0682
79,MMR,Myanmar,2017,2017,fallback_10yr,-0.2231,0.0643,0.0582,0.2179,0.0658,0.307,4.5577,5.4714,19.6452,1.1703
80,BRA,Brazil,2020,2017,fallback_10yr,-0.2409,0.1682,0.1761,0.059,0.3548,0.4888,10.2109,13.4885,5.3188,2.994
81,LKA,Sri Lanka,2016,2017,fallback_10yr,-0.2457,0.0781,0.0746,0.1536,0.1681,0.3935,5.312,6.5878,13.8486,1.816
82,CRI,Costa Rica,2020,2017,fallback_10yr,-0.2546,0.1667,0.1824,0.066,0.3647,0.4925,10.1329,13.9162,5.9506,3.0566
83,EGY,Egypt,2017,2017,fallback_10yr,-0.2649,0.0594,0.0522,0.2439,0.0761,0.3153,4.2898,5.0656,21.9968,1.2351
84,MEX,Mexico,2020,2017,fallback_10yr,-0.2665,0.1138,0.1182,0.1102,0.2727,0.454,7.2535,9.5515,9.9335,2.4757
85,GEO,Georgia,2020,2017,fallback_10yr,-0.2697,0.0678,0.0664,0.2369,0.0998,0.3447,4.7505,6.031,21.3629,1.3848
86,MRT,Mauritania,2014,2017,fallback_10yr,-0.3127,0.0585,0.0557,0.2907,0.0788,0.3262,4.2453,5.3004,26.2181,1.2527
87,TJK,Tajikistan,2015,2017,fallback_10yr,-0.3229,0.059,0.0562,0.2851,0.0951,0.34,4.2681,5.3348,25.7125,1.3552
88,IDN,Indonesia,2021,2017,fallback_10yr,-0.3315,0.064,0.0621,0.2483,0.1461,0.3792,4.543,5.74,22.3938,1.6768
89,PHL,Philippines,2018,2017,fallback_10yr,-0.3407,0.0731,0.0726,0.2025,0.211,0.4227,5.0383,6.4507,18.2605,2.0867
90,PER,Peru,2020,2017,fallback_10yr,-0.3434,0.0886,0.0943,0.1926,0.2428,0.4379,5.8812,7.9287,17.3666,2.2875
91,CPV,Cape Verde,2015,2017,fallback_10yr,-0.3515,0.0749,0.0767,0.2144,0.2131,0.4238,5.1334,6.7278,19.3315,2.0998
92,NIC,Nicaragua,2014,2017,fallback_10yr,-0.3583,0.091,0.0965,0.1601,0.2925,0.4616,6.0104,8.0742,14.4413,2.6011
93,ECU,Ecuador,2020,2017,fallback_10yr,-0.3679,0.107,0.1125,0.1595,0.3187,0.4731,6.8799,9.1634,14.3866,2.7663
94,LCA,Saint Lucia,2016,2017,fallback_10yr,-0.4011,0.1498,0.1696,0.1299,0.4329,0.5123,9.2113,13.046,11.7099,3.4868
95,VUT,Vanuatu,2019,2017,fallback_10yr,-0.4177,0.0481,0.0464,0.3876,0.0772,0.3232,3.6774,4.6709,34.9547,1.2423
96,PAK,Pakistan,2018,2017,fallback_10yr,-0.4598,0.0442,0.0376,0.4418,0.0582,0.2959,3.4669,4.0732,39.8377,1.1223
97,LAO,Laos,2018,2017,fallback_10yr,-0.4694,0.0507,0.0477,0.36,0.1583,0.388,3.8202,4.7574,32.4665,1.754
98,TLS,Timor,2014,2017,fallback_10yr,-0.4883,0.0416,0.0356,0.4796,0.0467,0.2865,3.3228,3.9351,43.2524,1.0496
99,SEN,Senegal,2018,2017,fallback_10yr,-0.5209,0.0454,0.0429,0.4152,0.1496,0.3812,3.5328,4.4363,37.4438,1.6994
100,GIN,Guinea,2018,2017,fallback_10yr,-0.5316,0.0375,0.0336,0.5167,0.0501,0.2959,3.1021,3.8038,46.5963,1.0712
101,CIV,Cote d'Ivoire,2018,2017,fallback_10yr,-0.5322,0.0435,0.0417,0.4397,0.1349,0.3718,3.4243,4.3527,39.6463,1.6061
102,GTM,Guatemala,2014,2017,fallback_10yr,-0.5607,0.0644,0.0684,0.2868,0.3407,0.4828,4.5669,6.1696,25.8602,2.905
103,HND,Honduras,2019,2017,fallback_10yr,-0.5731,0.0674,0.0796,0.2931,0.3547,0.4817,4.7251,6.9277,26.428,2.9932
104,GMB,Gambia,2015,2017,fallback_10yr,-0.5783,0.0392,0.0358,0.4951,0.1204,0.3592,3.1921,3.9524,44.6491,1.5151
105,FSM,Micronesia (country),2013,2017,fallback_10yr,-0.5818,0.0407,0.0399,0.451,0.171,0.4006,3.2743,4.2265,40.6702,1.8344
106,IND,India,2019,2017,fallback_10yr,-0.5832,0.0402,0.0349,0.4966,0.1236,0.3573,3.2455,3.89,44.7844,1.5351
107,MLI,Mali,2018,2017,fallback_10yr,-0.6118,0.0361,0.0333,0.5266,0.1196,0.3614,3.0228,3.7792,47.4841,1.51
108,SDN,Sudan,2014,2017,fallback_10yr,-0.6201,0.0351,0.0315,0.5514,0.1016,0.3424,2.9709,3.6616,49.723,1.3963
109,BGD,Bangladesh,2016,2017,fallback_10yr,-0.6223,0.0352,0.0303,0.5725,0.0821,0.3239,2.9764,3.5797,51.6278,1.2731
110,DJI,Djibouti,2017,2017,fallback_10yr,-0.6517,0.0382,0.0378,0.4857,0.204,0.4159,3.1397,4.0851,43.7988,2.0426
111,COM,Comoros,2014,2017,fallback_10yr,-0.6706,0.0408,0.0423,0.4383,0.274,0.4533,3.2824,4.3893,39.5246,2.4839
112,COL,Colombia,2020,2017,fallback_10yr,-0.6808,0.0827,0.0924,0.2336,0.5357,0.5417,5.5583,7.7959,21.0632,4.1353
113,YEM,Yemen,2014,2017,fallback_10yr,-0.7021,0.0316,0.0282,0.6027,0.129,0.3671,2.7799,3.4357,54.3524,1.5692
114,BEN,Benin,2018,2017,fallback_10yr,-0.7022,0.0318,0.0289,0.5903,0.142,0.3781,2.7906,3.4832,53.232,1.6514
115,GNB,Guinea-Bissau,2018,2017,fallback_10yr,-0.7072,0.0292,0.0264,0.6297,0.105,0.3477,2.6494,3.3136,56.7875,1.4177
116,GHA,Ghana,2016,2017,fallback_10yr,-0.7475,0.0313,0.0326,0.5422,0.2374,0.4352,2.7639,3.7328,48.8931,2.2534
117,LBR,Liberia,2016,2017,fallback_10yr,-0.7564,0.0257,0.0232,0.6719,0.1087,0.3527,2.4604,3.095,60.5855,1.441
118,NGA,Nigeria,2018,2017,fallback_10yr,-0.789,0.0232,0.0211,0.7039,0.107,0.3513,2.3219,2.9533,63.4728,1.4303
119,CMR,Cameroon,2014,2017,fallback_10yr,-0.7954,0.0318,0.0349,0.5209,0.3082,0.4664,2.7895,3.8892,46.9771,2.7
120,SLE,Sierra Leone,2018,2017,fallback_10yr,-0.8084,0.0252,0.0212,0.7128,0.1184,0.3569,2.432,2.9593,64.2806,1.5024
121,ETH,Ethiopia,2015,2017,fallback_10yr,-0.8096,0.0257,0.0227,0.7211,0.1124,0.3499,2.458,3.0617,65.0294,1.4644
122,TGO,Togo,2018,2017,fallback_10yr,-0.8166,0.026,0.025,0.6295,0.2125,0.4235,2.4723,3.2138,56.7664,2.0959
123,KEN,Kenya,2015,2017,fallback_10yr,-0.822,0.0245,0.0233,0.6606,0.1852,0.4078,2.3925,3.0986,59.5729,1.924
124,TCD,Chad,2018,2017,fallback_10yr,-0.8346,0.0228,0.02,0.7169,0.1388,0.375,2.3017,2.8794,64.6449,1.6313
125,LSO,Lesotho,2017,2017,fallback_10yr,-0.8483,0.0235,0.0253,0.606,0.2669,0.4488,2.3406,3.2376,54.65,2.4391
126,BWA,Botswana,2015,2017,fallback_10yr,-0.8549,0.0446,0.0489,0.4214,0.4807,0.5333,3.4878,4.843,38.0042,3.7885
127,BFA,Burkina Faso,2018,2017,fallback_10yr,-0.9458,0.0235,0.0218,0.6634,0.3049,0.4735,2.3396,2.997,59.8201,2.6788
128,AGO,Angola,2018,2017,fallback_10yr,-0.9895,0.0251,0.028,0.5867,0.4296,0.5127,2.4231,3.4206,52.9023,3.4657
129,TZA,Tanzania,2018,2017,fallback_10yr,-0.9945,0.0148,0.012,0.8244,0.1832,0.4049,1.8663,2.3308,74.338,1.9111
130,UGA,Uganda,2019,2017,fallback_10yr,-1.0022,0.016,0.014,0.7976,0.2194,0.4271,1.931,2.4676,71.9259,2.1397
131,NER,Niger,2018,2017,fallback_10yr,-1.0291,0.0126,0.009,0.8994,0.1401,0.3728,1.7433,2.1295,81.1011,1.6392
132,NAM,Namibia,2015,2017,fallback_10yr,-1.0649,0.0526,0.0613,0.3688,0.7539,0.5907,3.9206,5.6842,33.2525,5.5124
133,RWA,Rwanda,2016,2017,fallback_10yr,-1.0931,0.0109,0.0082,0.8654,0.237,0.4371,1.6511,2.0738,78.0406,2.2506
134,BDI,Burundi,2013,2017,fallback_10yr,-1.1127,0.0057,0.0027,0.9611,0.1555,0.3862,1.3709,1.7008,86.6651,1.7364
135,MWI,Malawi,2019,2017,fallback_10yr,-1.1408,0.0031,0.0002,0.9876,0.1546,0.3854,1.2303,1.5339,89.06,1.7304
136,SWZ,Eswatini,2016,2017,fallback_10yr,-1.1499,0.0201,0.0211,0.6437,0.5269,0.5458,2.1556,2.9537,58.0489,4.0799
137,ZAF,South Africa,2014,2017,fallback_10yr,-1.3981,0.0412,0.0476,0.4431,1.0,0.6303,3.3006,4.7552,39.9565,7.0651
138,MOZ,Mozambique,2014,2017,fallback_10yr,-1.4078,0.0029,0.0013,0.9218,0.4879,0.54,1.2192,1.6048,83.1275,3.8337
139,ZMB,Zambia,2015,2017,fallback_10yr,-1.5316,0.0,0.0008,0.86,0.6721,0.5714,1.0598,1.571,77.548,4.9958
140,SOM,Somalia,2017,2017,fallback_10yr,,,0.0,1.0,,0.3682,,1.5173,90.176,
141,SSD,South Sudan,2016,2017,fallback_10yr,,,0.0001,0.9587,,0.4414,,1.5208,86.4544,
142,ZWE,Zimbabwe,2019,2017,fallback_10yr,,,0.0167,0.7154,,0.5026,,2.6548,64.5099,
